{"web":{"client_id":"163810851712-4210pf0vmajj879gpe189fjn4ld0hris.apps.googleusercontent.com","project_id":"koppo-ai","auth_uri":"https://accounts.google.com/o/oauth2/auth","token_uri":"https://oauth2.googleapis.com/token","auth_provider_x509_cert_url":"https://www.googleapis.com/oauth2/v1/certs","client_secret":"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","redirect_uris":["https://koppo-ai.vercel.app/google-oauth"],"javascript_origins":["https://koppo-ai.vercel.app","https://koppo-ai-test.vercel.app","https://koppo-ai-dev.vercel.app","http://localhost:3000","https://koppo.ai","https://koppo.com","https://koppo.app"]}}